"employment_rate_overall","gross_monthly_mean","degree"
97.4,3727,"Accountancy"
97.1,2938,"Accountancy"
93.3,2922,"Accountancy"
97.2,3143,"Accountancy"
94.2,3342,"Accountancy"
95.2,3634,"Accountancy"
98.2,3597,"Accountancy"
96.6,3003,"Accountancy"
93.9,2989,"Accountancy"
100,3407,"Accountancy"
93.6,3420,"Accountancy"
97.4,3903,"Accountancy"
98.6,4438,"Accountancy"
97.3,3240,"Accountancy"
97.6,2983,"Accountancy"
98.6,3587,"Accountancy"
97.3,3427,"Accountancy"
97.7,3701,"Accountancy"
97.3,3063,"Accountancy"
97.4,3893,"Accountancy"
88.6,3020,"Accountancy"
99,3465,"Accountancy"
98.5,3455,"Accountancy"
100,3943,"Accountancy"
97.1,3166,"Accountancy"
97.2,3892,"Accountancy"
97.2,3473,"Accountancy"
100,3744,"Accountancy"
98,3646,"Accountancy"
97.8,4089,"Accountancy"
94.1,3113,"Accountancy"
94.6,3245,"Accountancy"
99.2,4456,"Accountancy"
95.2,3522,"Accountancy"
97.6,3683,"Accountancy"
96.3,3216,"Accountancy"
96.4,3607,"Accountancy"
96.3,4439,"Accountancy"
98.7,2879,"Accountancy"
97.5,3254,"Accountancy"
97.9,4359,"Accountancy"
93.8,4005,"Accountancy"
97.8,4093,"Accountancy"
93.7,3239,"Accountancy"
96.4,3802,"Accountancy"
97.9,4431,"Accountancy"
91.1,2900,"Accountancy"
96,3228,"Accountancy"
97.6,4704,"Accountancy"
90.9,4443,"Accountancy"
96.8,4050,"Accountancy"
97.4,3120,"Accountancy"
94.7,3694,"Accountancy"
96.3,4057,"Accountancy"
94.6,3116,"Accountancy"
97.7,3539,"Accountancy"
99.2,5173,"Accountancy"
100,3515,"Accountancy"
97,4194,"Accountancy"
97.7,3431,"Accountancy"
98.7,3814,"Accountancy"
97.9,4213,"Accountancy"
98.6,3231,"Accountancy"
100,3478,"Education"
100,3506,"Education"
100,3475,"Education"
100,3536,"Education"
97.1,2553,"Education"
100,3604,"Education"
100,3622,"Education"
100,2807,"Education"
100,3525,"Education"
100,3546,"Education"
98,2707,"Education"
100,3701,"Education"
96.4,2890,"Education"
100,3751,"Education"
100,3738,"Education"
100,2911,"Education"
100,3710,"Education"
100,3758,"Education"
100,3682,"Education"
100,3744,"Education"
100,2879,"Education"
100,3718,"Education"
100,3796,"Education"
93,2963,"Education"
92.1,3306,"Science"
90.7,2883,"Science"
78.6,3002,"Science"
86,3262,"Science"
68.2,2985,"Science"
100,3478,"Science"
88.1,3210,"Science"
92.4,3953,"Science"
96.8,3025,"Science"
89.2,2988,"Science"
86.2,2960,"Science"
90.9,3169,"Science"
97.5,2886,"Science"
100,3042,"Science"
97.3,2925,"Science"
80.9,2804,"Science"
83.6,3217,"Science"
96.4,3540,"Science"
86.5,3150,"Science"
87.5,3267,"Science"
94.5,3304,"Science"
100,3018,"Science"
75.1,3174,"Science"
91.3,3078,"Science"
87.9,3229,"Science"
100,3475,"Science"
88.7,3304,"Science"
90.6,3712,"Science"
95.3,3181,"Science"
93.1,3108,"Science"
81.3,3465,"Science"
78.6,3350,"Science"
100,3188,"Science"
100,3353,"Science"
95.5,2831,"Science"
76.8,2973,"Science"
86.6,3328,"Science"
98.9,3670,"Science"
90.9,3166,"Science"
87.5,3545,"Science"
100,2955,"Science"
100,2910,"Science"
75,2854,"Science"
86.7,3285,"Science"
85.7,3141,"Science"
100,3151,"Science"
100,3229,"Science"
97.2,3464,"Science"
88.8,2634,"Science"
97.1,2553,"Science"
92.4,3535,"Science"
100,2882,"Science"
74.6,3229,"Science"
81.8,3402,"Science"
90.7,3307,"Science"
100,3604,"Science"
88.6,3442,"Science"
97,3890,"Science"
94.3,3067,"Science"
93.9,3325,"Science"
82.6,3812,"Science"
100,3391,"Science"
97.3,3356,"Science"
100,3466,"Science"
85.2,3355,"Science"
84.3,3052,"Science"
83.9,3321,"Science"
99,3717,"Science"
89,3550,"Science"
93.1,4012,"Science"
95.2,3346,"Science"
89.2,2876,"Science"
87.5,2970,"Science"
100,3339,"Science"
100,3486,"Science"
100,3149,"Science"
100,3310,"Science"
95.6,3391,"Science"
98.3,3624,"Science"
89.9,2607,"Science"
100,2807,"Science"
94.6,3848,"Science"
94.4,2577,"Science"
80.5,3222,"Science"
88.5,3535,"Science"
83.1,3272,"Science"
100,3546,"Science"
89.5,3423,"Science"
85.2,3707,"Science"
90.2,3501,"Science"
81,3058,"Science"
84.3,2995,"Science"
84.9,3386,"Science"
99.1,3597,"Science"
96.3,4385,"Science"
87.8,3113,"Science"
94.6,3368,"Science"
93.2,3363,"Science"
95.1,3529,"Science"
91.5,3311,"Science"
94.9,3548,"Science"
85.7,3329,"Science"
100,3803,"Science"
86.7,2707,"Science"
78.6,3149,"Science"
90.9,3042,"Science"
88.2,3628,"Science"
100,3301,"Science"
100,3344,"Science"
89.8,3704,"Science"
92.7,3600,"Science"
98,2707,"Science"
100,5225,"Science"
92.4,4160,"Science"
92,2792,"Science"
80.4,3255,"Science"
70.1,3173,"Science"
89.7,3580,"Science"
89.8,3625,"Science"
81.6,3490,"Science"
81.1,3486,"Science"
100,3701,"Science"
88.3,3443,"Science"
76.5,3827,"Science"
94,3570,"Science"
82.1,3187,"Science"
76.9,3214,"Science"
85.9,3435,"Science"
99.1,3616,"Science"
93.5,4628,"Science"
97.6,4203,"Science"
90.8,3162,"Science"
93.8,3168,"Science"
97.4,3328,"Science"
91.8,3462,"Science"
91.7,4362,"Science"
91.3,3493,"Science"
87.9,3938,"Science"
100,3291,"Science"
96.9,3904,"Science"
97.7,2980,"Science"
84.5,3301,"Science"
82.8,3591,"Science"
100,3258,"Science"
100,3489,"Science"
95.8,3724,"Science"
98.2,3741,"Science"
96.4,2890,"Science"
94.4,4062,"Science"
80.1,3319,"Science"
90.9,2953,"Science"
76.2,3389,"Science"
87.1,3744,"Science"
100,3738,"Science"
87,3382,"Science"
88.2,3526,"Science"
88.6,3794,"Science"
81.6,3289,"Science"
87.3,3460,"Science"
96.6,3723,"Science"
96.9,4658,"Science"
93.5,4499,"Science"
89,3237,"Science"
91.7,3372,"Science"
94.6,3469,"Science"
98,3546,"Science"
89.5,5136,"Science"
94.7,3576,"Science"
96.8,4088,"Science"
90.4,2895,"Science"
95.3,3536,"Science"
95.8,3571,"Science"
96.6,3431,"Science"
100,3276,"Science"
83.7,3298,"Science"
83.3,3609,"Science"
94.7,3996,"Science"
100,2911,"Science"
85.6,3409,"Science"
84.2,3880,"Science"
88,3393,"Science"
94,3023,"Science"
95.1,3945,"Science"
97.4,4309,"Science"
81.6,3450,"Science"
95.2,2979,"Science"
87.5,3416,"Science"
91.2,3848,"Science"
87,3438,"Science"
100,3758,"Science"
88,3674,"Science"
84.6,4285,"Science"
78.6,4086,"Science"
84,3320,"Science"
88.5,3605,"Science"
100,3840,"Science"
92.8,5571,"Science"
100,4881,"Science"
88.3,3243,"Science"
95.3,3494,"Science"
93.5,3314,"Science"
98.8,3612,"Science"
94.7,7139,"Science"
91.3,3791,"Science"
100,4474,"Science"
100,3466,"Science"
98.3,3498,"Science"
100,3772,"Science"
81.8,3471,"Science"
92.3,4366,"Science"
92.2,3629,"Science"
92.7,3742,"Science"
88.6,3722,"Science"
88.3,3169,"Science"
100,3985,"Science"
92.2,4558,"Science"
88.9,3401,"Science"
94.7,2969,"Science"
95.5,3657,"Science"
92.4,3823,"Science"
91.5,3661,"Science"
100,3744,"Science"
93.5,3666,"Science"
91.3,4584,"Science"
90.3,3922,"Science"
86,3297,"Science"
93.1,3723,"Science"
80,4625,"Science"
99.3,3751,"Science"
100,4456,"Science"
97.1,5735,"Science"
98,5094,"Science"
92.2,3400,"Science"
95.1,3682,"Science"
97.4,3489,"Science"
98.5,3616,"Science"
92.6,5798,"Science"
97.7,3974,"Science"
97.6,4399,"Science"
100,3685,"Science"
100,3542,"Science"
98.2,3518,"Science"
100,3380,"Science"
96.2,3725,"Science"
93.3,3387,"Science"
94.7,3773,"Science"
98.6,4530,"Science"
89.9,3626,"Science"
90.6,3784,"Science"
100,3854,"Science"
92.1,3246,"Science"
88,3284,"Science"
100,3982,"Science"
97,4924,"Science"
96.8,3569,"Science"
90.9,3119,"Science"
100,3888,"Science"
91,4039,"Science"
86.2,3438,"Science"
100,3796,"Science"
92.5,3850,"Science"
89.5,4399,"Science"
91.7,4020,"Science"
82.4,3627,"Science"
92.2,3767,"Science"
100,4677,"Science"
95.9,3923,"Science"
97.7,4981,"Science"
99.1,6002,"Science"
100,5603,"Science"
93.1,3560,"Science"
94.5,3863,"Science"
97.9,3750,"Science"
94.6,4952,"Science"
88.2,4324,"Science"
95.1,4984,"Science"
100,3880,"Science"
100,3546,"Science"
100,3328,"Science"
97.9,3591,"Science"
98.3,3697,"Science"
95.7,3645,"Science"
81.5,3806,"Science"
94.1,3836,"Science"
96.9,4063,"Science"
93.5,4372,"Science"
84.4,3862,"Science"
92.4,3411,"Science"
97.4,3381,"Science"
98.3,5030,"Science"
96.6,3842,"Science"
75,2854,"Science"
89.2,2876,"Science"
86.7,2707,"Science"
97.7,2980,"Science"
90.4,2895,"Science"
86.5,2929,"Science"
93,2978,"Science"
81,2852,"Science"
95.2,3084,"Science"
86,2675,"Science"
96.4,3322,"Science"
91.9,2817,"Science"
79.8,3083,"Science"
80.5,3321,"Science"
83.9,3139,"Science"
80.6,3234,"Science"
70.1,3173,"Science"
77.6,3427,"Science"
80.9,3338,"Science"
91.9,3345,"Science"
90.2,3501,"Science"
90.7,2883,"Science"
78.6,3002,"Science"
88.1,3210,"Science"
86.5,3150,"Science"
87.5,3267,"Science"
75.1,3174,"Science"
88.7,3304,"Science"
90.9,3166,"Science"
87.5,3545,"Science"
74.6,3229,"Science"
88.6,3442,"Science"
89,3550,"Science"
93.1,4012,"Science"
94.4,2577,"Science"
80.5,3222,"Science"
88.5,3535,"Science"
89.5,3423,"Science"
91.5,3311,"Science"
94.9,3548,"Science"
92,2792,"Science"
80.4,3255,"Science"
89.7,3580,"Science"
88.3,3443,"Science"
91.3,3493,"Science"
87.9,3938,"Science"
80.1,3319,"Science"
90.9,2953,"Science"
87.1,3744,"Science"
88.2,3526,"Science"
85.6,3409,"Science"
84.2,3880,"Science"
81.6,3450,"Science"
95.2,2979,"Science"
87.5,3416,"Science"
91.2,3848,"Science"
88,3674,"Science"
92.2,3629,"Science"
92.7,3742,"Science"
88.9,3401,"Science"
94.7,2969,"Science"
95.5,3657,"Science"
92.4,3823,"Science"
93.5,3666,"Science"
89.9,3626,"Science"
90.6,3784,"Science"
96.8,3569,"Science"
90.9,3119,"Science"
100,3888,"Science"
91,4039,"Science"
92.5,3850,"Science"
94.1,3836,"Science"
96.9,4063,"Science"
87.2,3082,"Science"
86,3265,"Science"
74.4,3719,"Science"
73,3498,"Science"
87.2,3644,"Science"
82.2,3800,"Science"
80.8,3208,"Science"
73.7,3241,"Science"
82.1,3186,"Science"
85.7,3683,"Science"
81.6,3490,"Science"
80.2,3576,"Science"
90,3849,"Science"
92.6,3719,"Science"
84.5,3793,"Science"
89.3,2503,"Science"
92.6,2586,"Science"
86.2,2344,"Science"
87.9,2598,"Science"
81.6,2638,"Arts"
100,3506,"Arts"
84.8,2888,"Arts"
86.6,3154,"Arts"
82.1,3023,"Arts"
80,2791,"Arts"
100,3536,"Arts"
81.9,2883,"Arts"
83.1,3277,"Arts"
98.4,4400,"Arts"
77.3,2603,"Arts"
100,2490,"Arts"
90.6,2603,"Arts"
89.1,2595,"Arts"
93.9,2583,"Arts"
89.3,2503,"Arts"
79.3,3457,"Arts"
100,3622,"Arts"
88.4,2999,"Arts"
83,3310,"Arts"
97.6,4099,"Arts"
72,2908,"Arts"
88.5,2682,"Arts"
76.1,2922,"Arts"
87.5,2893,"Arts"
92.6,2586,"Arts"
79.7,2761,"Arts"
100,3525,"Arts"
86.1,3063,"Arts"
90.7,3321,"Arts"
93.2,3960,"Arts"
90.6,3320,"Arts"
91.1,2652,"Arts"
97.4,2485,"Arts"
86.2,2344,"Arts"
92.6,4131,"Arts"
84.6,3147,"Arts"
84.7,3379,"Arts"
86,3265,"Arts"
80,3117,"Arts"
74.1,3479,"Arts"
85.8,3107,"Arts"
88.2,3391,"Arts"
91.3,4079,"Arts"
93.3,3079,"Arts"
93.5,3956,"Arts"
96.2,3067,"Arts"
88.5,2876,"Arts"
90.7,2949,"Arts"
92.3,2841,"Arts"
87.9,2598,"Arts"
86.4,3825,"Arts"
85.7,2986,"Arts"
76.2,3389,"Arts"
100,3751,"Arts"
83.7,3322,"Arts"
87.5,3377,"Arts"
87,3371,"Arts"
90.5,4381,"Arts"
86.7,3324,"Arts"
91.2,2861,"Arts"
84.9,3055,"Arts"
92.3,2796,"Arts"
91.9,3726,"Arts"
83.6,3068,"Arts"
87.5,3416,"Arts"
100,3710,"Arts"
84.9,3456,"Arts"
92.7,3537,"Arts"
100,4199,"Arts"
86.2,3245,"Arts"
96,4197,"Arts"
83.3,3167,"Arts"
81.3,3051,"Arts"
78.7,2832,"Arts"
87.1,2760,"Arts"
80.2,3823,"Arts"
90.4,2925,"Arts"
95.5,3657,"Arts"
100,3682,"Arts"
90.4,3868,"Arts"
93.1,3586,"Arts"
94,4058,"Arts"
90.3,3417,"Arts"
90.5,4370,"Arts"
100,3575,"Arts"
97.1,2862,"Arts"
85.7,2876,"Arts"
83.9,2992,"Arts"
93.7,3919,"Arts"
86.2,3182,"Arts"
100,3888,"Arts"
100,3718,"Arts"
91.4,3600,"Arts"
88.8,3731,"Arts"
97.7,4139,"Arts"
87.5,4178,"Arts"
88.3,4453,"Arts"
100,3490,"Arts"
80,3125,"Arts"
94.4,2989,"Arts"
94.3,2807,"Arts"
95.5,4001,"Arts"
81.6,2638,"Arts"
80,2791,"Arts"
79.3,3457,"Arts"
79.7,2761,"Arts"
85.7,2986,"Arts"
83.6,3068,"Arts"
85.1,2924,"Arts"
90.7,2883,"Arts"
86.8,3006,"Arts"
100,3018,"Arts"
81.8,3045,"Arts"
100,2882,"Arts"
91.1,3345,"Arts"
94.4,2577,"Arts"
84.6,3147,"Arts"
92,2792,"Arts"
86.4,3260,"Arts"
90.9,2953,"Arts"
90.1,3260,"Arts"
95.2,2979,"Arts"
83.8,3310,"Arts"
94.7,2969,"Arts"
87,3483,"Arts"
90.9,3119,"Arts"
82.7,3179,"Arts"
87,3432,"Arts"
88,3322,"Arts"
75,2997,"Arts"
81.6,3124,"Arts"
83.8,2997,"Arts"
90.9,3561,"Arts"
95.5,3354,"Arts"
90.6,2725,"Arts"
85.7,3148,"Arts"
88.4,3753,"Arts"
81.8,3368,"Arts"
80,3117,"Arts"
79.2,3091,"Arts"
81.7,3365,"Arts"
96.6,3472,"Arts"
87.2,3398,"Arts"
98.4,4400,"Architecture"
100,3467,"Architecture"
97.6,4099,"Architecture"
100,3266,"Architecture"
93.2,3960,"Architecture"
90,3239,"Architecture"
91.3,4079,"Architecture"
95.5,3537,"Architecture"
100,3479,"Architecture"
95.1,3945,"Architecture"
100,4199,"Architecture"
100,3985,"Architecture"
94,4058,"Architecture"
78.6,3244,"Architecture"
100,3982,"Architecture"
97.7,4139,"Architecture"
100,3592,"Architecture"
96.6,3842,"Architecture"
97.4,3727,"Business"
90.9,3214,"Business"
87.5,3615,"Business"
88.7,3062,"Business"
94.6,3512,"Business"
93.3,2922,"Business"
97.2,3143,"Business"
93.2,3520,"Business"
95.9,3975,"Business"
98.2,3597,"Business"
89.6,3318,"Business"
92.9,3431,"Business"
87.9,3367,"Business"
94.4,4090,"Business"
93.9,2989,"Business"
100,3407,"Business"
90.9,3752,"Business"
94.5,4116,"Business"
98.6,4438,"Business"
92.2,3502,"Business"
100,4395,"Business"
88.2,3341,"Business"
96,4326,"Business"
97.6,2983,"Business"
98.6,3587,"Business"
93.9,3611,"Business"
98.3,4130,"Business"
97.4,3893,"Business"
89.6,3444,"Business"
94.4,4407,"Business"
93.6,3282,"Business"
96.4,4207,"Business"
88.6,3020,"Business"
99,3465,"Business"
92.4,3831,"Business"
96.1,4234,"Business"
97.2,3892,"Business"
100,5225,"Business"
94.9,4031,"Business"
98.2,4388,"Business"
97.2,3473,"Business"
100,3744,"Business"
97.6,4203,"Business"
93.3,3995,"Business"
95.8,4504,"Business"
94.7,2829,"Business"
99.2,4456,"Business"
92.6,3776,"Business"
100,4572,"Business"
95.7,3732,"Business"
96.6,4424,"Business"
95.2,3522,"Business"
97.6,3683,"Business"
93.5,4499,"Business"
92.1,2991,"Business"
86.5,2929,"Business"
91.6,4133,"Business"
97.4,4544,"Business"
97.9,4359,"Business"
93.8,3797,"Business"
94.4,4562,"Business"
100,4925,"Business"
95.5,4593,"Business"
93.8,4005,"Business"
97.8,4093,"Business"
100,4881,"Business"
89.1,3102,"Business"
81,2852,"Business"
91,4181,"Business"
93,4614,"Business"
97.6,4704,"Business"
95.2,4113,"Business"
97.4,5537,"Business"
96.3,5043,"Business"
94.9,4579,"Business"
90.9,4443,"Business"
96.8,4050,"Business"
98,5094,"Business"
89.9,3148,"Business"
86,2675,"Business"
95.8,4293,"Business"
97.5,4688,"Business"
99.2,5173,"Business"
96.2,4362,"Business"
93.8,6578,"Business"
94.7,5567,"Business"
98.1,4950,"Business"
100,3515,"Business"
97,4194,"Business"
100,5603,"Business"
96.1,3216,"Business"
91.9,2817,"Business"
96.6,4371,"Business"
96.6,4855,"Business"
93.5,4372,"Business"
87.5,3615,"Computing"
88.9,3377,"Computing"
92.4,3953,"Computing"
88.9,3320,"Computing"
89.2,3322,"Computing"
92.9,3431,"Computing"
82.1,3129,"Computing"
90.6,3712,"Computing"
85.7,3386,"Computing"
95.5,3789,"Computing"
100,4395,"Computing"
92.6,3291,"Computing"
97,3890,"Computing"
90.3,3301,"Computing"
97.2,3699,"Computing"
95.6,3391,"Computing"
94.4,4407,"Computing"
96.3,4385,"Computing"
94,3969,"Computing"
89.8,3704,"Computing"
93.5,4628,"Computing"
94.5,4192,"Computing"
95.8,3724,"Computing"
100,4572,"Computing"
96.9,4658,"Computing"
98.4,4472,"Computing"
94.7,3996,"Computing"
94.4,4562,"Computing"
92.8,5571,"Computing"
95.9,4330,"Computing"
92.3,4366,"Computing"
97.4,5537,"Computing"
97.1,5735,"Computing"
90.9,4746,"Computing"
98.6,4764,"Computing"
98.6,4530,"Computing"
93.8,6578,"Computing"
99.1,6002,"Computing"
100,5095,"Computing"
97.5,5217,"Computing"
100,4106,"Dentistry"
100,4054,"Dentistry"
100,4083,"Dentistry"
100,4221,"Dentistry"
100,4143,"Dentistry"
100,4228,"Dentistry"
100,4068,"Dentistry"
100,4280,"Dentistry"
100,4286,"Dentistry"
95.3,3536,"Engineering"
81.3,3166,"Engineering"
87.3,3377,"Engineering"
90.3,3374,"Engineering"
94.8,3182,"Engineering"
91,3187,"Engineering"
84,3140,"Engineering"
85.7,3203,"Engineering"
82.5,3096,"Engineering"
91.6,3226,"Engineering"
84.6,3911,"Engineering"
74,3068,"Engineering"
93.2,3359,"Engineering"
96.1,3154,"Engineering"
88.9,3653,"Engineering"
88.5,3334,"Engineering"
86.2,2960,"Engineering"
93.8,3208,"Engineering"
93.9,3397,"Engineering"
90.9,3169,"Engineering"
89.1,3319,"Engineering"
79.8,3188,"Engineering"
83.8,3415,"Engineering"
91.4,3512,"Engineering"
93.8,3152,"Engineering"
90.7,3336,"Engineering"
88.9,3111,"Engineering"
85.7,3318,"Engineering"
82.5,3261,"Engineering"
90.2,3289,"Engineering"
87.5,3058,"Engineering"
83.9,3434,"Engineering"
97.1,3281,"Engineering"
95.2,3762,"Engineering"
90.6,3571,"Engineering"
81.3,3465,"Engineering"
95.2,3215,"Engineering"
96.5,3719,"Engineering"
78.6,3350,"Engineering"
90,3323,"Engineering"
90.1,3325,"Engineering"
92.6,3334,"Engineering"
97.1,3273,"Engineering"
100,3467,"Engineering"
91.3,3467,"Engineering"
86.7,3285,"Engineering"
85.7,3141,"Engineering"
88,3415,"Engineering"
85.7,3333,"Engineering"
92.3,3424,"Engineering"
93,3209,"Engineering"
86,3724,"Engineering"
92.6,3197,"Engineering"
86.8,3373,"Engineering"
85.1,3577,"Engineering"
95.3,3206,"Engineering"
88.6,3446,"Engineering"
89.7,3673,"Engineering"
87.3,3375,"Engineering"
82.9,3397,"Engineering"
88,3388,"Engineering"
86.2,3357,"Engineering"
86,3529,"Engineering"
96.5,3366,"Engineering"
91.8,4252,"Engineering"
92.1,3589,"Engineering"
82.6,3812,"Engineering"
88.1,3337,"Engineering"
96.1,3724,"Engineering"
100,3391,"Engineering"
83.3,3422,"Engineering"
92.5,3565,"Engineering"
80.3,3763,"Engineering"
86,3952,"Engineering"
85.5,3405,"Engineering"
83,3452,"Engineering"
91.7,3354,"Engineering"
90.5,3266,"Engineering"
100,3266,"Engineering"
100,3469,"Engineering"
87.5,2970,"Engineering"
100,3339,"Engineering"
81.6,2840,"Engineering"
83.3,3185,"Engineering"
72.2,3685,"Engineering"
96.4,3404,"Engineering"
82.4,3840,"Engineering"
77.8,3317,"Engineering"
80.6,3476,"Engineering"
92.4,3505,"Engineering"
83.3,3833,"Engineering"
89.1,3517,"Engineering"
80.6,3216,"Engineering"
94.6,3570,"Engineering"
81.3,3317,"Engineering"
86,3505,"Engineering"
91.9,3366,"Engineering"
85.3,3562,"Engineering"
95.3,3509,"Engineering"
89.1,3942,"Engineering"
91.9,3765,"Engineering"
85.2,3707,"Engineering"
79.3,3470,"Engineering"
80.3,3879,"Engineering"
90.2,3501,"Engineering"
86.6,3560,"Engineering"
85.9,3463,"Engineering"
86.4,3440,"Engineering"
95.2,3956,"Engineering"
87,3344,"Engineering"
90,3239,"Engineering"
86.4,3286,"Engineering"
78.6,3149,"Engineering"
90.9,3042,"Engineering"
81.6,3277,"Engineering"
87,3273,"Engineering"
88.7,3523,"Engineering"
87,3690,"Engineering"
91.9,4232,"Engineering"
100,3830,"Engineering"
100,5225,"Engineering"
80,3702,"Engineering"
78.3,3486,"Engineering"
82.3,3577,"Engineering"
98.5,3442,"Engineering"
92.4,4160,"Engineering"
89.3,3657,"Engineering"
86.9,3790,"Engineering"
84.9,3434,"Engineering"
82.7,3579,"Engineering"
90.6,3367,"Engineering"
87.8,3727,"Engineering"
95.5,3427,"Engineering"
89.4,3641,"Engineering"
76.5,3827,"Engineering"
86.3,3546,"Engineering"
93.3,4035,"Engineering"
94,3570,"Engineering"
87.3,3657,"Engineering"
89.4,4131,"Engineering"
77.3,3290,"Engineering"
94.4,3269,"Engineering"
96.2,3541,"Engineering"
90.5,3145,"Engineering"
95.5,3537,"Engineering"
100,3866,"Engineering"
84.5,3301,"Engineering"
82.8,3591,"Engineering"
81.3,3481,"Engineering"
80,3280,"Engineering"
96.6,3670,"Engineering"
94.6,3595,"Engineering"
89.9,3638,"Engineering"
100,4175,"Engineering"
91.7,3956,"Engineering"
95.3,3873,"Engineering"
77.5,3660,"Engineering"
91.6,3782,"Engineering"
96.5,3597,"Engineering"
95.8,3865,"Engineering"
92.7,3772,"Engineering"
92.1,3485,"Engineering"
93.2,3800,"Engineering"
86.5,3650,"Engineering"
85.6,3653,"Engineering"
79.4,3444,"Engineering"
89.9,4050,"Engineering"
91.8,3627,"Engineering"
91,3982,"Engineering"
88.9,3518,"Engineering"
91.5,4051,"Engineering"
88.6,3794,"Engineering"
92.8,3877,"Engineering"
88.6,4188,"Engineering"
84.6,3451,"Engineering"
94.5,3438,"Engineering"
97.1,3439,"Engineering"
93.5,3484,"Engineering"
100,3479,"Engineering"
92.3,3545,"Engineering"
100,4116,"Engineering"
95.7,3914,"Engineering"
98.3,3688,"Engineering"
83.7,3298,"Engineering"
83.3,3609,"Engineering"
78,3454,"Engineering"
82.4,3451,"Engineering"
94.3,3718,"Engineering"
93.7,3812,"Engineering"
94.7,3826,"Engineering"
97.3,4544,"Engineering"
90,3893,"Engineering"
87.5,3939,"Engineering"
81.3,3548,"Engineering"
88.6,3921,"Engineering"
94.9,3582,"Engineering"
94.6,4074,"Engineering"
92.6,3884,"Engineering"
83.9,3596,"Engineering"
90.7,4006,"Engineering"
82,3817,"Engineering"
84.5,3728,"Engineering"
80.4,3535,"Engineering"
92.4,3959,"Engineering"
95,3746,"Engineering"
89.6,4101,"Engineering"
84.6,4285,"Engineering"
89.5,3569,"Engineering"
97.6,4451,"Engineering"
78.6,4086,"Engineering"
88.6,3847,"Engineering"
92.9,4732,"Engineering"
97.5,4319,"Engineering"
100,4188,"Engineering"
92.2,3748,"Engineering"
92.5,3484,"Engineering"
93.8,3976,"Engineering"
100,3811,"Engineering"
95.2,4024,"Engineering"
82.2,3463,"Engineering"
91.3,3542,"Engineering"
100,3393,"Engineering"
80,3269,"Engineering"
81.8,3471,"Engineering"
77.1,3597,"Engineering"
82.4,3993,"Engineering"
97,3722,"Engineering"
93.2,3793,"Engineering"
84.2,4042,"Engineering"
88.8,4636,"Engineering"
89.9,4082,"Engineering"
97.4,5537,"Engineering"
91.2,4284,"Engineering"
89.1,3473,"Engineering"
95,3948,"Engineering"
95.7,3495,"Engineering"
97.2,4136,"Engineering"
100,4516,"Engineering"
94.5,4004,"Engineering"
90.2,3444,"Engineering"
96,4208,"Engineering"
91.5,3755,"Engineering"
91.7,3977,"Engineering"
95.8,3577,"Engineering"
97,4155,"Engineering"
95.5,3739,"Engineering"
91,4370,"Engineering"
91.3,4584,"Engineering"
100,3572,"Engineering"
97.2,4337,"Engineering"
90.3,3922,"Engineering"
94.2,3946,"Engineering"
93.7,4977,"Engineering"
100,4237,"Engineering"
96.2,4366,"Engineering"
94.2,3749,"Engineering"
98.1,3702,"Engineering"
97.1,4203,"Engineering"
92.9,4135,"Engineering"
95.7,4114,"Engineering"
95.7,3242,"Engineering"
97.9,3603,"Engineering"
100,3821,"Engineering"
94.6,3443,"Engineering"
78.6,3244,"Engineering"
92.3,4160,"Engineering"
97.9,3518,"Engineering"
93.3,3387,"Engineering"
94.7,3773,"Engineering"
91.2,4159,"Engineering"
100,3940,"Engineering"
95,3592,"Engineering"
89.3,3690,"Engineering"
94.6,3901,"Engineering"
95.2,4287,"Engineering"
96.9,4734,"Engineering"
93.8,6578,"Engineering"
94.4,4321,"Engineering"
90.9,3654,"Engineering"
91.1,3959,"Engineering"
97.7,3664,"Engineering"
95.8,4847,"Engineering"
90.9,4566,"Engineering"
93.9,4069,"Engineering"
96.6,3487,"Engineering"
95.7,4325,"Engineering"
96.3,3801,"Engineering"
94,4006,"Engineering"
94.4,3732,"Engineering"
91.4,4023,"Engineering"
97.3,3897,"Engineering"
95.1,4377,"Engineering"
89.5,4399,"Engineering"
97.1,3607,"Engineering"
96.7,4417,"Engineering"
91.7,4020,"Engineering"
94.5,4115,"Engineering"
97.4,5473,"Engineering"
100,5251,"Engineering"
100,5215,"Engineering"
100,3394,"Engineering"
98.3,3736,"Engineering"
98,3773,"Engineering"
96.3,3788,"Engineering"
97.5,4146,"Engineering"
100,4402,"Engineering"
79.2,3836,"Engineering"
98.3,3691,"Engineering"
100,3819,"Engineering"
93.4,3787,"Engineering"
100,3592,"Engineering"
82.4,3575,"Engineering"
92.8,3719,"Engineering"
95.7,3645,"Engineering"
81.5,3806,"Engineering"
98.3,5030,"Engineering"
89.9,4141,"Engineering"
95.5,4778,"Engineering"
71.9,3433,"Environmental Studies"
83.8,3399,"Environmental Studies"
88.7,3419,"Environmental Studies"
84.2,3385,"Environmental Studies"
88.4,3332,"Environmental Studies"
92.9,3409,"Environmental Studies"
97.4,3658,"Environmental Studies"
87.1,2975,"Human Resource"
90.6,3051,"Human Resource"
95.6,3412,"Human Resource"
98.8,5099,"Law"
100,5246,"Law"
100,5617,"Law"
98.2,5247,"Law"
97.8,5332,"Law"
97.7,5571,"Law"
96.9,4910,"Law"
99,4997,"Law"
100,5313,"Law"
97.7,4898,"Law"
95.8,4915,"Law"
96.7,5095,"Law"
95.8,5121,"Law"
97.6,4941,"Law"
97.9,5287,"Law"
97.3,5263,"Law"
92.7,4856,"Law"
94.4,5256,"Law"
95.7,5160,"Law"
99.1,5064,"Law"
98.6,5324,"Law"
91.8,5009,"Law"
95.5,4804,"Law"
97,5141,"Law"
96.5,5627,"Law"
100,5433,"Law"
100,5754,"Law"
98.8,5099,"Law"
98.2,5247,"Law"
96.9,4910,"Law"
97.7,4898,"Law"
95.8,5121,"Law"
97.3,5263,"Law"
95.7,5160,"Law"
91.8,5009,"Law"
96.5,5627,"Law"
90.7,2883,"Medicine"
100,4741,"Medicine"
100,3018,"Medicine"
100,4886,"Medicine"
100,2882,"Medicine"
100,4729,"Medicine"
94.4,2577,"Medicine"
99.4,4887,"Medicine"
92,2792,"Medicine"
100,4882,"Medicine"
90.9,2953,"Medicine"
95.2,2979,"Medicine"
100,5661,"Medicine"
99.5,5218,"Medicine"
94.7,2969,"Medicine"
100,5387,"Medicine"
100,5306,"Medicine"
90.9,3119,"Medicine"
100,5404,"Medicine"
82.4,3344,"Music"
85.7,3250,"Music"
73.3,2500,"Music"
81,2100,"Music"
82.6,3575,"Music"
69.2,3238,"Music"
82.4,3203,"Music"
89.2,2988,"Real Estate"
93.1,3108,"Real Estate"
93.9,3325,"Real Estate"
94.6,3368,"Real Estate"
93.8,3168,"Real Estate"
91.7,3372,"Real Estate"
95.3,3494,"Real Estate"
95.1,3682,"Real Estate"
94.5,3863,"Real Estate"
88.1,3210,"Social Sciences"
86.5,3150,"Social Sciences"
87.5,3267,"Social Sciences"
88.7,3304,"Social Sciences"
90.9,3166,"Social Sciences"
87.5,3545,"Social Sciences"
88.6,3442,"Social Sciences"
89,3550,"Social Sciences"
93.1,4012,"Social Sciences"
89.5,3423,"Social Sciences"
91.5,3311,"Social Sciences"
94.9,3548,"Social Sciences"
88.3,3443,"Social Sciences"
91.3,3493,"Social Sciences"
87.9,3938,"Social Sciences"
88.2,3526,"Social Sciences"
85.6,3409,"Social Sciences"
84.2,3880,"Social Sciences"
88,3674,"Social Sciences"
92.2,3629,"Social Sciences"
92.7,3742,"Social Sciences"
93.5,3666,"Social Sciences"
89.9,3626,"Social Sciences"
90.6,3784,"Social Sciences"
92.5,3850,"Social Sciences"
94.1,3836,"Social Sciences"
96.9,4063,"Social Sciences"
88.1,3210,"Social Sciences"
86.5,3150,"Social Sciences"
87.5,3267,"Social Sciences"
88.7,3304,"Social Sciences"
90.9,3166,"Social Sciences"
87.5,3545,"Social Sciences"
88.6,3442,"Social Sciences"
89,3550,"Social Sciences"
93.1,4012,"Social Sciences"
89.5,3423,"Social Sciences"
91.5,3311,"Social Sciences"
94.9,3548,"Social Sciences"
88.3,3443,"Social Sciences"
91.3,3493,"Social Sciences"
87.9,3938,"Social Sciences"
88.2,3526,"Social Sciences"
85.6,3409,"Social Sciences"
84.2,3880,"Social Sciences"
88,3674,"Social Sciences"
92.2,3629,"Social Sciences"
92.7,3742,"Social Sciences"
93.5,3666,"Social Sciences"
89.9,3626,"Social Sciences"
90.6,3784,"Social Sciences"
92.5,3850,"Social Sciences"
94.1,3836,"Social Sciences"
96.9,4063,"Social Sciences"
97.3,3486,"Social Sciences"
94.7,3461,"Social Sciences"
82.4,3061,"Social Sciences"
66.7,3228,"Social Sciences"
73.3,3264,"Social Sciences"
82.1,3136,"Social Sciences"
90.1,3355,"Social Sciences"
89.2,3506,"Social Sciences"
83.8,3433,"Social Sciences"
91.8,3362,"Social Sciences"
74.1,3479,"Social Sciences"
80.6,3619,"Social Sciences"
90.2,3868,"Social Sciences"
92.5,4043,"Social Sciences"
83.3,4105,"Social Sciences"
74.4,3082,"Social Sciences"
73.2,3143,"Social Sciences"
85.7,3402,"Social Sciences"
86.1,3480,"Social Sciences"
80.2,3374,"Social Sciences"
86.9,3441,"Social Sciences"
95.4,3598,"Social Sciences"
91.3,3567,"Social Sciences"
89.4,2956,"Social Sciences"
86.7,2976,"Social Sciences"
85.1,3008,"Social Sciences"
87.7,2996,"Social Sciences"
92.6,3184,"Social Sciences"
95,3166,"Social Sciences"
90.4,3264,"Social Sciences"
94.9,3440,"Social Sciences"
96.9,3548,"Social Sciences"
89.9,3148,"Social Sciences"
90.6,3513,"Social Sciences"
94,3820,"Social Sciences"
88.7,3222,"Social Sciences"
88.4,3142,"Social Sciences"
90.2,3645,"Social Sciences"
90.6,3824,"Social Sciences"
87.4,3496,"Social Sciences"
95.3,3440,"Social Sciences"
90.3,3946,"Social Sciences"
98.2,4380,"Social Sciences"
91.3,3440,"Social Sciences"
89.4,3458,"Social Sciences"
93.4,3906,"Social Sciences"
97,4425,"Social Sciences"
84.7,3379,"Social Sciences"
89.8,3625,"Social Sciences"
91.3,4143,"Social Sciences"
93.2,4737,"Social Sciences"
90.1,3755,"Social Sciences"
96.3,3569,"Social Sciences"
91.1,4140,"Social Sciences"
93.4,4721,"Social Sciences"
88.2,3453,"Social Sciences"
93.5,3996,"Social Sciences"
87.1,4159,"Social Sciences"
94.2,4520,"Social Sciences"
100,4516,"Social Sciences"
91.8,3926,"Social Sciences"
87.1,3949,"Social Sciences"
91.5,4290,"Social Sciences"
94.7,4749,"Social Sciences"
90.9,4566,"Social Sciences"
93.5,3720,"Social Sciences"
91,4039,"Social Sciences"
91.8,4777,"Social Sciences"
94.1,5310,"Social Sciences"
80,3126,"Social Sciences"
82.6,3369,"Social Sciences"
96.3,3580,"Social Sciences"
88.5,3502,"Social Sciences"
89.2,3322,"Information Systems"
93.6,3468,"Information Systems"
100,3862,"Information Systems"
95.5,3789,"Information Systems"
92.9,3530,"Information Systems"
97.4,4151,"Information Systems"
97.2,3699,"Information Systems"
94.8,3660,"Information Systems"
97.4,3834,"Information Systems"
86,3952,"Information Systems"
94,3969,"Information Systems"
95.7,3897,"Information Systems"
97.5,4603,"Information Systems"
91.9,4232,"Information Systems"
94.5,4192,"Information Systems"
95.1,4014,"Information Systems"
96.1,4305,"Information Systems"
100,4175,"Information Systems"
98.4,4472,"Information Systems"
93.6,4160,"Information Systems"
100,4659,"Information Systems"
97.3,4544,"Information Systems"
95.9,4330,"Information Systems"
95.1,4549,"Information Systems"
98,5212,"Information Systems"
88.8,4636,"Information Systems"
98.6,4764,"Information Systems"
93.1,4683,"Information Systems"
93.3,5064,"Information Systems"
96.9,4734,"Information Systems"
97.5,5217,"Information Systems"
98.2,4906,"Information Systems"
97.4,5499,"Information Systems"
95.6,3111,"Maritime Studies"
92.5,3206,"Maritime Studies"
95,3271,"Maritime Studies"
94.2,3328,"Maritime Studies"
93.3,3409,"Maritime Studies"
98.3,3669,"Maritime Studies"
90.8,3646,"Maritime Studies"
98.4,3763,"Maritime Studies"
